代號,公司名稱,產業板塊,細分行業,細分聚落,聚落輪動狀態,聚落輪動評分,板塊輪動狀態,板塊輪動評分,Screener策略,訊號日期,起始價,停損價,停損幅(%),目標價,目標空間(%),風險報酬比,前期回踩(%),開盤缺口(%),相對成交量(RVOL),日波動ATR(%),20D報酬(%),20D MFE(%),20D MAE(%),達頂天數
EPAC,Enerpac Tool Group Corp. Common Stock,Technology,Industrial Machinery/Components,Tech: Tech Equipment & Solutions,🌱 輪動萌芽 (Ignition),87.6,領跑主升 (Leading),85.3,bull_bounce,2026-09-25,35.7,33.96,-4.86,39.95,11.9,2.45,-5.63,-0.19,1.34,2.43,,,,
SNPS,"Synopsys, Inc. - Common Stock",Technology,Computer Software: Prepackaged Software,Tech: Software & SaaS,⚠️ 高位退潮 (Distribution),66.4,領跑主升 (Leading),85.3,screen,2026-09-25,425.76,396.32,-6.91,516.02,21.2,3.07,-8.43,4.73,1.08,3.46,,,,
BMI,"Badger Meter, Inc. Common Stock",Industrials,Industrial Machinery/Components,Ind: Machinery & Components,🌱 輪動萌芽 (Ignition),62.4,中性觀察 (Neutral),63.9,screen,2026-09-23,133.0,124.85,-6.13,182.48,37.2,6.07,-4.32,0.0,1.39,3.07,-2.65,0.33,-3.05,1
RL,Ralph Lauren Corporation Common Stock,Industrials,Garments and Clothing,Ind: Industrial & Commercial Services,⚖️ 震盪蓄勢 (Consolidation),50.5,中性觀察 (Neutral),56.4,bull_bounce,2026-09-22,346.06,327.12,-5.47,442.26,27.8,5.08,-7.87,1.95,1.0,2.74,3.19,3.27,-2.62,3
TCMD,"Tactile Systems Technology, Inc. - Common Stock",Health Care,Medical/Dental Instruments,Health: Medical Devices & Diagnostics,🌱 輪動萌芽 (Ignition),69.0,中性觀察 (Neutral),64.3,bull_bounce,2026-09-22,22.68,21.2,-6.51,30.57,34.8,5.35,-6.03,0.02,1.07,3.25,0.22,1.28,-2.65,2
IDCC,"InterDigital, Inc. - Common Stock",Miscellaneous,Multi-Sector Companies,Miscellaneous: Other,⚖️ 震盪蓄勢 (Consolidation),40.2,中性觀察,50.0,mtf4,2026-09-22,333.76,311.49,-6.67,353.45,5.9,0.88,-6.17,1.35,1.24,3.34,0.13,0.62,-3.24,1
GDDY,GoDaddy Inc. Class A Common Stock,Technology,EDP Services,Tech: IT & Cloud Services,⚖️ 震盪蓄勢 (Consolidation),53.0,領跑主升 (Leading),84.4,bull_bounce,2026-09-22,98.24,89.46,-8.94,110.23,12.2,1.36,-7.32,1.03,1.9,4.47,-1.12,12.33,-5.98,2
TDS,"Telephone and Data Systems, Inc. Common Shares",Telecommunications,Telecommunications Equipment,Telecom: Equipment & Wireless,⚠️ 高位退潮 (Distribution),67.1,中性觀察 (Neutral),66.1,screen,2026-09-22,36.69,34.29,-6.55,40.1,9.3,1.42,-4.48,0.25,1.02,3.28,-2.29,1.53,-3.03,2
VPG,"Vishay Precision Group, Inc. Common Stock",Technology,Electrical Products,Tech: Hardware & Components,🌱 輪動萌芽 (Ignition),65.7,中性觀察 (Neutral),80.7,bull_bounce + claude_fibb,2026-09-21,64.95,58.73,-9.58,76.45,17.7,1.85,-5.87,3.11,1.0,4.79,10.28,12.86,-1.14,4
ON,ON Semiconductor Corporation - Common Stock,Technology,Semiconductors,Tech: Semiconductors,🌱 輪動萌芽 (Ignition),58.6,中性觀察 (Neutral),80.7,claude_fibb,2026-09-21,71.72,64.66,-9.84,84.34,17.6,1.79,-5.87,1.46,1.25,4.92,7.64,8.31,-0.75,4
GVA,Granite Construction Incorporated Common Stock,Industrials,Military/Government/Technical,Ind: Aerospace & Defense,⚖️ 震盪蓄勢 (Consolidation),44.3,中性觀察 (Neutral),49.2,bull_bounce,2026-09-21,116.2,109.2,-6.02,127.12,9.4,1.56,-7.2,0.71,1.66,3.01,-0.96,1.91,-5.03,1
NICE,NICE Ltd - American Depositary Shares each representing one Ordinary Share,Technology,Computer Software: Prepackaged Software,Tech: Software & SaaS,⚠️ 高位退潮 (Distribution),74.7,中性觀察 (Neutral),75.0,bull_bounce + screen,2026-09-18,104.97,96.91,-7.68,118.2,12.6,1.64,-5.56,-0.31,1.79,3.84,7.47,22.43,-1.21,3
MCHP,Microchip Technology Incorporated - Common Stock,Technology,Semiconductors,Tech: Semiconductors,⚖️ 震盪蓄勢 (Consolidation),46.2,中性觀察 (Neutral),75.0,bull_bounce,2026-09-18,73.27,68.25,-6.86,84.41,15.2,2.22,-5.36,0.95,2.07,3.43,7.4,7.77,-0.72,5
AMKR,"Amkor Technology, Inc. - Common Stock",Technology,Semiconductors,Tech: Semiconductors,⚖️ 震盪蓄勢 (Consolidation),46.2,中性觀察 (Neutral),75.0,bull_bounce,2026-09-18,50.3,45.28,-9.99,61.32,21.9,2.19,-4.88,1.23,1.3,4.99,6.58,9.13,0.4,3
BIIB,Biogen Inc. - Common Stock,Health Care,Biotechnology: Biological Products (No Diagnostic Substances),Health: Biotechnology,🛑 破位衰退 (Breakdown),50.9,中性觀察 (Neutral),62.3,claude_fibb,2026-09-18,215.5,203.97,-5.35,226.49,5.1,0.95,-4.56,0.0,3.66,2.67,5.61,6.35,-0.42,3
NXPI,NXP Semiconductors N.V. - Common Stock,Technology,Semiconductors,Tech: Semiconductors,⚖️ 震盪蓄勢 (Consolidation),46.2,中性觀察 (Neutral),75.0,bull_bounce,2026-09-18,227.99,212.73,-6.69,320.55,40.6,6.07,-4.45,1.5,1.68,3.35,4.43,4.93,-0.81,5
ASML,ASML Holding N.V. - New York Registry Shares,Technology,Industrial Machinery/Components,Tech: Tech Equipment & Solutions,🛑 破位衰退 (Breakdown),51.7,中性觀察 (Neutral),75.0,claude_fibb,2026-09-18,1679.92,1571.36,-6.46,1792.47,6.7,1.04,-6.15,0.02,2.15,3.23,3.81,4.72,-0.17,5
DSGX,The Descartes Systems Group Inc. - Common Stock,Technology,Computer Software: Prepackaged Software,Tech: Software & SaaS,⚠️ 高位退潮 (Distribution),74.7,中性觀察 (Neutral),75.0,bull_bounce + mtf4,2026-09-18,77.3,70.72,-8.51,83.41,7.9,0.93,-6.47,0.0,1.51,4.26,1.69,4.93,0.01,3
TDOC,"Teladoc Health, Inc. Common Stock",Health Care,Medical/Nursing Services,Health: Healthcare Facilities & Services,⚠️ 高位退潮 (Distribution),61.2,中性觀察 (Neutral),62.3,mtf4,2026-09-18,6.3,5.79,-8.07,8.89,41.1,5.09,-7.62,0.48,1.69,4.04,-3.33,2.7,-5.24,2
OTIS,Otis Worldwide Corporation Common Stock,Technology,Consumer Electronics/Appliances,Tech: Tech Equipment & Solutions,🛑 破位衰退 (Breakdown),51.7,中性觀察 (Neutral),75.0,mtf4,2026-09-18,68.52,65.71,-4.1,80.72,17.8,4.34,-5.71,0.0,3.35,2.05,-3.77,0.51,-3.86,3
KYMR,"Kymera Therapeutics, Inc. - Common Stock",Health Care,Biotechnology: Biological Products (No Diagnostic Substances),Health: Biotechnology,🛑 破位衰退 (Breakdown),50.9,中性觀察 (Neutral),62.3,claude_fibb,2026-09-18,117.75,107.65,-8.58,123.76,5.1,0.59,-7.9,0.49,3.02,4.29,-4.93,4.46,-5.42,3
IBM,International Business Machines Corporation Common Stock,Technology,Computer Manufacturing,Tech: Hardware & Components,⚠️ 高位退潮 (Distribution),57.4,中性觀察 (Neutral),75.0,bull_bounce,2026-09-18,237.75,224.15,-5.72,302.89,27.4,4.79,-5.59,0.04,2.75,2.86,-5.15,0.05,-5.28,3
DXC,DXC Technology Company Common Stock,Technology,EDP Services,Tech: IT & Cloud Services,⚠️ 高位退潮 (Distribution),58.7,中性觀察 (Neutral),75.0,bull_bounce,2026-09-18,11.44,10.53,-7.98,13.46,17.7,2.22,-6.46,-0.26,4.25,3.99,-6.91,-1.66,-7.34,2
ATEC,"Alphatec Holdings, Inc. - Common Stock",Health Care,Medical/Dental Instruments,Health: Medical Devices & Diagnostics,⚖️ 震盪蓄勢 (Consolidation),60.9,中性觀察 (Neutral),56.9,screen,2026-09-17,10.28,9.27,-9.84,13.71,33.4,3.39,-6.8,-0.48,1.29,4.92,-1.56,2.53,-5.45,1
CHKP,Check Point Software Technologies Ltd. - Ordinary Shares,Technology,Computer Software: Prepackaged Software,Tech: Software & SaaS,⚖️ 震盪蓄勢 (Consolidation),74.0,中性觀察 (Neutral),70.0,screen,2026-09-17,136.23,125.24,-8.06,159.12,16.8,2.08,-4.04,-1.25,1.18,4.03,-3.66,3.99,-4.04,4
PEGA,Pegasystems Inc. - Common Stock,Technology,EDP Services,Tech: IT & Cloud Services,⚠️ 高位退潮 (Distribution),69.0,中性觀察 (Neutral),59.6,bull_bounce,2026-09-16,36.84,33.85,-8.11,51.06,38.6,4.76,-5.44,-2.52,1.39,4.05,-8.39,-1.09,-8.85,1
FIZZ,National Beverage Corp. - Common Stock,Consumer Staples,Beverages (Production/Distribution),Staples: Beverages,🛑 破位衰退 (Breakdown),52.2,中性觀察 (Neutral),54.4,bull_bounce,2026-09-15,31.37,29.29,-6.63,33.16,5.7,0.86,-6.33,-0.47,1.71,3.31,-5.42,3.38,-7.17,2
ARW,"Arrow Electronics, Inc. Common Stock",Technology,Electronic Components,Tech: Hardware & Components,⚖️ 震盪蓄勢 (Consolidation),41.3,中性觀察 (Neutral),56.0,claude_fibb + mtf4,2026-09-14,213.85,200.36,-6.31,224.76,5.1,0.81,-7.2,-3.28,1.38,3.15,8.86,9.39,-2.79,9
PPLI,,Technology,Computer Software: Programming Data Processing,Tech: Software & SaaS,⚖️ 震盪蓄勢 (Consolidation),56.7,中性觀察 (Neutral),56.0,bull_bounce,2026-09-14,38.97,37.06,-4.9,42.31,8.6,1.75,-4.95,0.85,1.12,2.45,2.64,3.93,-9.21,9
CRNC,Cerence Inc. - Common Stock,Technology,Computer Software: Prepackaged Software,Tech: Software & SaaS,🛑 破位衰退 (Breakdown),42.3,中性觀察 (Neutral),57.9,bull_bounce,2026-09-11,8.51,7.74,-8.99,10.56,24.1,2.68,-5.86,1.84,2.08,4.5,-6.58,1.76,-9.87,1
OII,"Oceaneering International, Inc. Common Stock",Energy,Oilfield Services/Equipment,Energy: Equipment & Services,⚖️ 震盪蓄勢 (Consolidation),78.2,領跑主升 (Leading),87.7,claude_fibb,2026-09-11,51.09,47.08,-7.84,55.64,8.9,1.14,-5.82,0.61,1.33,3.92,-9.45,-1.33,-11.57,1
INTC,Intel Corporation - Common Stock,Technology,Semiconductors,Tech: Semiconductors,🛑 破位衰退 (Breakdown),42.8,中性觀察 (Neutral),53.1,claude_fibb,2026-09-10,100.32,91.95,-8.35,115.37,15.0,1.8,-6.74,-3.57,1.0,4.17,22.61,27.03,-5.78,10
VST,Vistra Corp. Common Stock,Utilities,Electric Utilities: Central,Utilities: Electric & Power,🛑 破位衰退 (Breakdown),51.6,中性觀察 (Neutral),61.5,screen,2026-09-10,147.05,137.8,-6.29,168.08,14.3,2.27,-5.07,-0.73,1.11,3.14,-5.84,1.38,-7.53,1
VIST,"Vista Energy S.A.B. de C.V. American Depositary Shares, each representing one series A share, with no par value",Energy,Oil & Gas Production,Energy: E&P Upstream,🔥 主升爆發 (Breakout),97.3,領跑主升 (Leading),81.8,claude_fibb,2026-09-09,74.57,68.48,-8.16,78.75,5.6,0.69,-5.68,1.5,1.11,4.08,-9.57,6.97,-10.82,1
WEC,"WEC Energy Group, Inc. Common Stock",Utilities,Power Generation,Utilities: Electric & Power,⚖️ 震盪蓄勢 (Consolidation),54.4,中性觀察 (Neutral),67.6,bull_bounce,2026-09-09,106.15,101.9,-4.0,111.78,5.3,1.32,-5.13,0.1,1.02,1.57,-4.43,0.84,-5.66,1
OGC,,,,Unknown: Other,⚖️ 震盪蓄勢 (Consolidation),50.0,中性觀察,50.0,claude_fibb,2026-09-08,30.26,27.46,-9.26,35.16,16.2,1.75,-5.14,0.82,1.9,4.63,-7.04,4.79,-10.84,1
PPL,,Utilities,Electric Utilities: Central,Utilities: Electric & Power,🌱 輪動萌芽 (Ignition),59.1,中性觀察 (Neutral),69.3,bull_bounce,2026-09-08,34.79,33.4,-4.0,36.91,6.1,1.52,-4.95,-0.09,1.24,1.74,-7.93,1.24,-9.28,1
DTE,,Utilities,Electric Utilities: Central,Utilities: Electric & Power,🌱 輪動萌芽 (Ignition),59.1,中性觀察 (Neutral),69.3,bull_bounce,2026-09-08,137.26,131.77,-4.0,144.43,5.2,1.31,-4.17,-0.06,1.04,1.49,-11.53,0.17,-12.4,1
ORA,,Utilities,Electric Utilities: Central,Utilities: Electric & Power,🌱 輪動萌芽 (Ignition),59.1,中性觀察 (Neutral),69.3,bull_bounce,2026-09-08,107.97,101.86,-5.66,118.66,9.9,1.75,-7.73,1.23,1.3,2.83,-13.28,0.49,-16.07,1
TMUS,"T-Mobile US, Inc. - Common Stock",Telecommunications,Telecommunications Equipment,Telecom: Equipment & Wireless,⚠️ 高位退潮 (Distribution),70.5,領跑主升 (Leading),61.9,screen,2026-09-04,181.52,173.67,-4.32,203.12,11.9,2.75,-4.4,-0.29,1.16,2.16,-8.86,2.24,-11.23,5
PAGS,PagSeguro Digital Ltd. Class A Common Shares,Technology,EDP Services,Tech: IT & Cloud Services,⚠️ 高位退潮 (Distribution),69.1,中性觀察 (Neutral),58.0,bull_bounce,2026-09-01,9.14,8.55,-6.49,9.97,9.1,1.4,-6.16,-0.78,1.45,3.24,-0.98,12.86,-2.3,7
SCCO,Southern Copper Corporation Common Stock,Basic Materials,Metal Mining,Materials: Metals & Mining,⚠️ 高位退潮 (Distribution),81.6,領跑主升 (Leading),79.2,claude_fibb,2026-08-28,209.8,192.48,-8.26,224.28,6.9,0.84,-4.97,0.59,1.2,4.13,-2.8,1.92,-12.54,7
FCX,"Freeport-McMoRan, Inc. Common Stock",Basic Materials,Metal Mining,Materials: Metals & Mining,⚠️ 高位退潮 (Distribution),81.6,領跑主升 (Leading),79.2,claude_fibb,2026-08-28,76.45,70.91,-7.25,87.38,14.3,1.97,-4.72,0.19,1.29,3.63,-5.42,2.86,-12.35,6
HBM,Hudbay Minerals Inc. Ordinary Shares (Canada),Basic Materials,Metal Mining,Materials: Metals & Mining,⚠️ 高位退潮 (Distribution),81.6,領跑主升 (Leading),79.2,claude_fibb,2026-08-28,29.29,26.79,-8.53,31.08,6.1,0.72,-4.96,0.69,1.08,4.27,-9.08,2.29,-15.88,1
LPLA,LPL Financial Holdings Inc. - Common Stock,Finance,Investment Bankers/Brokers/Service,Finance: Asset Management,🔥 主升爆發 (Breakout),72.6,中性觀察 (Neutral),50.8,mtf4,2026-08-26,360.25,342.62,-4.89,423.29,17.5,3.58,-4.95,-0.56,1.13,2.45,-15.96,3.52,-17.95,3
AU,AngloGold Ashanti PLC Ordinary Shares,Basic Materials,Precious Metals,Materials: Metals & Mining,🔥 主升爆發 (Breakout),100.0,領跑主升 (Leading),87.8,claude_fibb,2026-08-26,118.11,107.85,-8.68,130.51,10.5,1.21,-4.28,-2.91,1.21,4.34,-16.61,0.91,-18.28,2
PIPR,Piper Sandler Companies Common Stock,Finance,Investment Bankers/Brokers/Service,Finance: Asset Management,🔥 主升爆發 (Breakout),71.6,中性觀察 (Neutral),45.8,bull_bounce,2026-08-25,74.54,70.19,-5.83,81.55,9.4,1.61,-5.41,0.43,1.02,2.92,-2.84,5.18,-6.36,12
PBH,Prestige Consumer Healthcare Inc. Common Stock,Health Care,Biotechnology: Pharmaceutical Preparations,Health: Biotechnology,🔥 主升爆發 (Breakout),86.7,領跑主升 (Leading),79.7,screen,2026-08-24,52.02,48.22,-7.3,60.76,16.8,2.3,-7.09,0.25,1.04,3.65,-8.25,3.71,-14.53,7
BKE,"Buckle, Inc. (The) Common Stock",Consumer Discretionary,Clothing/Shoe/Accessory Stores,ConsDisc: Retail & Apparel,⚖️ 震盪蓄勢 (Consolidation),45.1,中性觀察 (Neutral),48.2,screen,2026-08-24,44.41,42.18,-5.02,49.16,10.7,2.13,-4.8,0.94,1.14,2.51,-5.99,1.1,-11.19,2
VICI,VICI Properties Inc. Common Stock,Real Estate,Real Estate Investment Trusts,RealEstate: REITs,⚖️ 震盪蓄勢 (Consolidation),39.0,中性觀察 (Neutral),48.3,screen,2026-08-24,26.28,25.23,-4.0,27.94,6.3,1.57,-4.95,0.6,1.08,1.63,-8.75,2.17,-9.74,1
CTRN,"Citi Trends, Inc. - Common Stock",Consumer Discretionary,Clothing/Shoe/Accessory Stores,ConsDisc: Retail & Apparel,⚖️ 震盪蓄勢 (Consolidation),45.1,中性觀察 (Neutral),48.2,claude_fibb + mtf4,2026-08-24,74.35,68.06,-8.46,80.67,8.5,1.0,-4.57,2.31,1.22,4.23,-27.33,-1.78,-27.87,1
PAHC,Phibro Animal Health Corporation - Class A Common Stock,Health Care,Biotechnology: Pharmaceutical Preparations,Health: Biotechnology,🔥 主升爆發 (Breakout),87.2,領跑主升 (Leading),80.2,screen,2026-08-21,36.32,33.66,-7.32,52.52,44.6,6.09,-4.22,0.65,1.8,3.66,-4.52,11.92,-6.06,8
MGTX,,Health Care,Biotechnology: Biological Products (No Diagnostic Substances),Health: Biotechnology,🔥 主升爆發 (Breakout),87.2,領跑主升 (Leading),80.2,claude_fibb,2026-08-21,14.34,12.97,-9.53,16.73,16.7,1.75,-4.72,1.1,1.12,4.76,-8.79,6.76,-12.83,2
UFPI,,Basic Materials,Forest Products,Materials: Chemicals & Forestry,⚖️ 震盪蓄勢 (Consolidation),33.2,領跑主升 (Leading),72.8,bull_bounce,2026-08-21,88.8,82.58,-7.0,99.68,12.2,1.75,-6.46,0.71,1.16,3.5,-9.61,1.89,-11.53,2
TSN,,Consumer Staples,Meat/Poultry/Fish,Staples: Packaged Food & Agri,⚖️ 震盪蓄勢 (Consolidation),67.1,底部復甦 (Improving),60.5,bull_bounce,2026-08-21,58.48,55.18,-5.64,64.25,9.9,1.75,-7.22,-0.05,1.45,2.82,-11.05,1.15,-13.29,1
ACHV,,Health Care,Biotechnology: In Vitro & In Vivo Diagnostic Substances,Health: Medical Devices & Diagnostics,⚠️ 高位退潮 (Distribution),85.6,領跑主升 (Leading),76.4,claude_fibb,2026-08-20,8.02,7.23,-9.85,9.4,17.2,1.75,-6.85,-1.29,1.1,4.93,-0.5,7.73,-12.59,10
GDS,,Technology,Computer Software: Programming Data Processing,Tech: Software & SaaS,⚖️ 震盪蓄勢 (Consolidation),62.8,底部復甦 (Improving),50.5,bull_bounce,2026-08-18,33.65,30.37,-9.74,39.39,17.0,1.75,-6.71,-1.41,1.44,4.87,-9.75,2.08,-10.85,7
CMS,,Utilities,Power Generation,Utilities: Electric & Power,⚖️ 震盪蓄勢 (Consolidation),32.1,中性觀察 (Neutral),45.6,bull_bounce,2026-08-17,71.4,68.53,-4.02,76.42,7.0,1.75,-6.53,-0.15,1.1,2.01,-7.68,1.46,-7.91,1
MDB,,Technology,Computer Software: Prepackaged Software,Tech: Software & SaaS,⚠️ 高位退潮 (Distribution),55.5,底部復甦 (Improving),60.1,claude_fibb,2026-08-17,438.7,395.04,-9.95,515.11,17.4,1.75,-7.27,-1.41,1.11,4.98,-13.91,4.37,-19.28,9
SSYS,,Technology,Computer peripheral equipment,Tech: Hardware & Components,🌱 輪動萌芽 (Ignition),62.8,底部復甦 (Improving),60.1,screen,2026-08-17,8.84,7.99,-9.6,10.32,16.8,1.75,-5.15,0.11,1.8,4.8,-14.93,1.13,-16.18,1
IAG,,Basic Materials,Precious Metals,Materials: Metals & Mining,⚠️ 高位退潮 (Distribution),89.5,領跑主升 (Leading),77.0,claude_fibb,2026-08-13,17.75,16.07,-9.46,20.69,16.6,1.75,-5.94,-1.38,1.03,4.73,14.14,25.75,1.92,8
B,,Basic Materials,Precious Metals,Materials: Metals & Mining,⚠️ 高位退潮 (Distribution),89.5,領跑主升 (Leading),77.0,claude_fibb,2026-08-13,40.75,37.3,-8.46,46.78,14.8,1.75,-7.68,-1.04,1.04,4.23,7.19,20.59,1.08,8
CGAU,,Basic Materials,Precious Metals,Materials: Metals & Mining,⚠️ 高位退潮 (Distribution),89.5,領跑主升 (Leading),77.0,claude_fibb,2026-08-13,21.19,19.32,-8.82,24.46,15.4,1.75,-4.98,-1.89,1.08,4.41,6.8,15.71,-0.38,11
NTRA,,Health Care,Medical Specialities,Health: Pharmaceuticals & Other,🌱 輪動萌芽 (Ignition),65.6,領跑主升 (Leading),69.9,claude_fibb,2026-08-13,310.78,281.82,-9.32,361.45,16.3,1.75,-4.68,0.54,1.21,4.66,5.84,10.43,-1.86,10
ZLAB,,Health Care,Biotechnology: Pharmaceutical Preparations,Health: Biotechnology,🔥 主升爆發 (Breakout),75.4,領跑主升 (Leading),73.8,screen,2026-08-12,25.49,23.05,-9.57,29.76,16.8,1.75,-4.39,-3.85,2.42,4.79,-5.18,7.89,-7.26,5
INDV,,Health Care,Biotechnology: Pharmaceutical Preparations,Health: Biotechnology,🔥 主升爆發 (Breakout),75.4,領跑主升 (Leading),73.8,claude_fibb,2026-08-12,38.73,35.51,-8.33,44.37,14.6,1.75,-7.44,0.18,1.09,4.16,-10.9,3.28,-12.63,5
SPSC,,Technology,Computer Software: Prepackaged Software,Tech: Software & SaaS,🔥 主升爆發 (Breakout),80.3,底部復甦 (Improving),50.3,bull_bounce,2026-08-11,74.91,67.43,-9.98,87.99,17.5,1.75,-4.37,-0.72,1.08,4.99,4.47,17.58,-2.87,17
ERIC,,Technology,Radio And Television Broadcasting And Communications Equipment,Tech: Communications & Networks,⚖️ 震盪蓄勢 (Consolidation),46.0,底部復甦 (Improving),50.3,claude_fibb,2026-08-11,10.07,9.61,-4.58,10.88,8.0,1.75,-5.36,0.8,1.05,2.29,-0.1,3.18,-1.69,10
LPX,,Basic Materials,Forest Products,Materials: Chemicals & Forestry,⚖️ 震盪蓄勢 (Consolidation),67.4,領跑主升 (Leading),85.8,bull_bounce,2026-08-11,75.21,68.25,-9.25,87.39,16.2,1.75,-5.37,0.69,1.12,4.63,-10.22,1.12,-12.13,6
SW,,Consumer Discretionary,Containers/Packaging,ConsDisc: Consumer & Commercial Services,⚖️ 震盪蓄勢 (Consolidation),48.4,底部復甦 (Improving),51.8,mtf4,2026-08-11,49.17,44.93,-8.62,56.59,15.1,1.75,-5.42,0.9,1.26,4.31,-14.18,2.75,-14.2,11
DKS,,Consumer Discretionary,Other Specialty Stores,ConsDisc: Retail & Apparel,⚖️ 震盪蓄勢 (Consolidation),46.1,底部復甦 (Improving),51.8,bull_bounce,2026-08-11,205.03,192.63,-6.05,226.73,10.6,1.75,-7.94,-2.41,1.26,3.02,-34.96,0.23,-41.28,1
PINS,,Technology,Computer Software: Programming Data Processing,Tech: Software & SaaS,🔥 主升爆發 (Breakout),77.2,底部復甦 (Improving),56.0,bull_bounce,2026-08-07,23.68,21.69,-8.42,27.17,14.7,1.75,-7.95,0.0,1.06,4.21,-13.85,2.91,-14.82,1
BBWI,,Consumer Discretionary,Other Specialty Stores,ConsDisc: Retail & Apparel,⚖️ 震盪蓄勢 (Consolidation),59.3,底部復甦 (Improving),60.4,bull_bounce,2026-08-07,20.15,18.61,-7.66,22.85,13.4,1.75,-7.57,0.3,1.01,3.83,-3.18,3.33,-13.6,8
JKHY,,Technology,EDP Services,Tech: IT & Cloud Services,⚠️ 高位退潮 (Distribution),57.0,底部復甦 (Improving),57.8,bull_bounce,2026-08-05,154.35,144.0,-6.71,172.46,11.7,1.75,-5.28,1.49,1.0,3.35,8.22,13.37,-3.34,15
OIS,,Consumer Discretionary,Oil and Gas Field Machinery,ConsDisc: Consumer & Commercial Services,🌱 輪動萌芽 (Ignition),70.1,底部復甦 (Improving),64.7,bull_bounce,2026-08-05,8.33,7.5,-9.98,9.78,17.5,1.75,-7.44,0.12,1.29,4.99,7.56,10.8,-3.12,8
BRSL,,Consumer Discretionary,Services-Misc. Amusement & Recreation,ConsDisc: Leisure & Dining,⚖️ 震盪蓄勢 (Consolidation),34.5,底部復甦 (Improving),64.7,screen,2026-08-05,11.08,10.35,-6.58,12.36,11.5,1.75,-4.07,0.44,1.49,3.29,0.81,10.38,-2.44,6
WMT,,Consumer Discretionary,Department/Specialty Retail Stores,ConsDisc: Retail & Apparel,⚠️ 高位退潮 (Distribution),60.4,底部復甦 (Improving),64.7,bull_bounce,2026-08-05,112.07,106.42,-5.04,121.96,8.8,1.75,-5.1,0.81,1.01,2.52,-5.34,4.28,-8.85,10
WBD,,Telecommunications,Cable & Other Pay Television Services,Telecom: Media & Broadcasting,🌱 輪動萌芽 (Ignition),72.4,底部復甦 (Improving),50.8,claude_fibb,2026-08-04,25.79,24.67,-4.33,27.74,7.6,1.75,-6.73,0.31,1.4,2.17,9.81,12.41,-0.81,17
COST,,Consumer Discretionary,Department/Specialty Retail Stores,ConsDisc: Retail & Apparel,⚠️ 高位退潮 (Distribution),61.4,底部復甦 (Improving),65.3,bull_bounce,2026-08-04,947.85,908.32,-4.17,1017.03,7.3,1.75,-4.02,-0.95,1.11,2.09,-0.83,3.25,-2.33,11
NCLH,,Consumer Discretionary,Marine Transportation,ConsDisc: Consumer & Commercial Services,⚠️ 高位退潮 (Distribution),69.9,底部復甦 (Improving),65.3,bull_bounce,2026-08-04,20.07,18.19,-9.39,23.37,16.4,1.75,-5.64,2.13,1.27,4.69,-23.12,2.69,-23.72,1
SPOT,,Consumer Discretionary,Broadcasting,ConsDisc: Consumer & Commercial Services,🔥 主升爆發 (Breakout),70.4,底部復甦 (Improving),58.3,bull_bounce + screen,2026-07-31,499.94,465.87,-6.81,559.56,11.9,1.75,-5.33,-2.81,1.42,3.41,9.52,11.01,-7.59,18
PEP,,Consumer Staples,Beverages (Production/Distribution),Staples: Beverages,🔥 主升爆發 (Breakout),74.9,領跑主升 (Leading),72.2,screen,2026-07-31,139.56,133.05,-4.67,150.96,8.2,1.75,-6.36,-0.48,1.07,2.33,1.08,4.54,-2.03,16
TAP,,Consumer Staples,Beverages (Production/Distribution),Staples: Beverages,🔥 主升爆發 (Breakout),74.9,領跑主升 (Leading),72.2,screen,2026-07-31,41.56,38.64,-7.03,46.67,12.3,1.75,-4.72,-1.08,1.81,3.51,-0.24,7.07,-2.21,4
CHDN,,Consumer Discretionary,Services-Misc. Amusement & Recreation,ConsDisc: Leisure & Dining,⚖️ 震盪蓄勢 (Consolidation),51.4,底部復甦 (Improving),58.3,mtf4,2026-07-31,84.3,78.68,-6.67,94.14,11.7,1.75,-7.43,0.76,1.65,3.34,6.64,12.53,-3.14,16
WPP,,Consumer Discretionary,Advertising,ConsDisc: Consumer & Commercial Services,🔥 主升爆發 (Breakout),69.6,底部復甦 (Improving),48.4,screen,2026-07-30,20.46,18.85,-7.85,23.27,13.7,1.75,-6.1,-5.04,1.07,3.92,26.83,35.78,-2.05,6
CLX,,Consumer Discretionary,Specialty Chemicals,ConsDisc: Consumer & Commercial Services,🔥 主升爆發 (Breakout),69.6,底部復甦 (Improving),48.4,screen,2026-07-30,95.61,89.28,-6.62,106.69,11.6,1.75,-5.68,-1.62,1.0,3.31,8.39,14.44,-1.47,17
KNSL,,Finance,Property-Casualty Insurers,Finance: Insurance,🔥 主升爆發 (Breakout),86.1,領跑主升 (Leading),72.6,screen,2026-07-30,355.87,325.83,-8.44,408.44,14.8,1.75,-6.4,-2.57,1.06,4.22,7.29,12.0,-1.65,18
HSY,,Consumer Staples,Specialty Foods,Staples: Packaged Food & Agri,🔥 主升爆發 (Breakout),69.7,領跑主升 (Leading),77.6,screen,2026-07-30,175.85,166.74,-5.18,191.79,9.1,1.75,-6.65,-0.9,1.03,2.59,3.11,8.31,-1.29,15
GIL,,Consumer Discretionary,Apparel,ConsDisc: Retail & Apparel,🔥 主升爆發 (Breakout),73.8,底部復甦 (Improving),48.4,screen,2026-07-30,52.27,48.88,-6.48,58.2,11.3,1.75,-6.06,5.19,3.09,3.24,1.84,13.22,0.92,5
BOOT,,Consumer Discretionary,Clothing/Shoe/Accessory Stores,ConsDisc: Retail & Apparel,🔥 主升爆發 (Breakout),73.8,底部復甦 (Improving),48.4,bull_bounce,2026-07-30,154.37,141.13,-8.58,177.54,15.0,1.75,-8.0,-1.79,2.83,4.29,0.81,11.46,-3.67,7
CENTA,,Consumer Discretionary,Consumer Specialties,ConsDisc: Consumer & Commercial Services,🔥 主升爆發 (Breakout),69.6,底部復甦 (Improving),48.4,mtf4,2026-07-30,38.08,35.52,-6.73,42.56,11.8,1.75,-4.78,-0.59,1.03,3.36,-0.95,7.14,-2.89,5
LIVN,,Health Care,Biotechnology: Electromedical & Electrotherapeutic Apparatus,Health: Medical Devices & Diagnostics,🔥 主升爆發 (Breakout),68.6,中性觀察 (Neutral),61.6,claude_fibb,2026-07-30,81.05,76.36,-5.78,89.25,10.1,1.75,-4.95,0.58,1.18,2.89,-1.26,5.81,-7.87,3
IRTC,,Health Care,Medical/Dental Instruments,Health: Medical Devices & Diagnostics,🔥 主升爆發 (Breakout),68.6,中性觀察 (Neutral),61.6,screen,2026-07-30,119.08,108.76,-8.67,137.15,15.2,1.75,-8.32,-1.99,1.36,4.33,-2.31,14.79,-3.47,6
FCN,,Consumer Discretionary,Professional Services,ConsDisc: Consumer & Commercial Services,🔥 主升爆發 (Breakout),69.6,底部復甦 (Improving),48.4,bull_bounce,2026-07-30,164.05,154.12,-6.05,181.43,10.6,1.75,-6.26,-3.05,1.97,3.03,-7.35,-0.03,-9.05,2
BNTX,,Health Care,Biotechnology: Biological Products (No Diagnostic Substances),Health: Biotechnology,⚖️ 震盪蓄勢 (Consolidation),38.0,中性觀察 (Neutral),61.6,bull_bounce + screen,2026-07-30,92.85,88.25,-4.96,100.91,8.7,1.75,-6.03,-0.89,1.81,2.48,19.98,29.6,-5.01,16
ARES,,Finance,Investment Managers,Finance: Asset Management,⚖️ 震盪蓄勢 (Consolidation),57.8,領跑主升 (Leading),72.6,bull_bounce,2026-07-30,124.12,114.9,-7.43,140.26,13.0,1.75,-5.5,0.12,1.52,3.72,14.74,20.75,-2.28,10
MORN,,Finance,Investment Managers,Finance: Asset Management,⚖️ 震盪蓄勢 (Consolidation),57.8,領跑主升 (Leading),72.6,screen,2026-07-30,193.12,177.39,-8.15,220.65,14.3,1.75,-4.24,-0.07,1.98,4.07,13.3,14.54,-4.52,17
BX,,Finance,Investment Managers,Finance: Asset Management,⚖️ 震盪蓄勢 (Consolidation),57.8,領跑主升 (Leading),72.6,bull_bounce + screen,2026-07-30,126.78,117.88,-7.02,142.35,12.3,1.75,-6.39,1.39,1.21,3.51,13.3,18.5,0.32,10
APO,,Finance,Investment Managers,Finance: Asset Management,⚖️ 震盪蓄勢 (Consolidation),57.8,領跑主升 (Leading),72.6,bull_bounce,2026-07-30,119.74,112.18,-6.31,132.97,11.1,1.75,-4.67,-0.41,1.14,3.16,11.44,20.54,0.13,11
CG,,Finance,Investment Managers,Finance: Asset Management,⚖️ 震盪蓄勢 (Consolidation),57.8,領跑主升 (Leading),72.6,screen,2026-07-30,45.04,42.12,-6.49,50.16,11.4,1.75,-6.23,2.66,1.1,3.25,9.33,15.81,-0.47,4
WMG,,Consumer Discretionary,Services-Misc. Amusement & Recreation,ConsDisc: Leisure & Dining,🌱 輪動萌芽 (Ignition),56.9,底部復甦 (Improving),48.4,mtf4,2026-07-30,27.36,25.51,-6.75,30.59,11.8,1.75,-8.4,-1.51,1.59,3.38,3.03,3.55,-10.4,20
PHG,,Health Care,Medical Electronics,Health: Pharmaceuticals & Other,🌱 輪動萌芽 (Ignition),56.3,中性觀察 (Neutral),61.6,bull_bounce,2026-07-30,26.44,24.83,-6.09,29.26,10.7,1.75,-7.33,2.15,1.27,3.04,1.82,5.03,-2.0,15
LADR,,Real Estate,Real Estate Investment Trusts,RealEstate: REITs,⚠️ 高位退潮 (Distribution),52.8,領跑主升 (Leading),62.8,bull_bounce,2026-07-30,9.7,9.23,-4.85,10.52,8.5,1.75,-6.01,0.41,1.16,2.42,1.34,9.18,-3.3,11
LOPE,,Real Estate,Other Consumer Services,RealEstate: Management & Operations,⚠️ 高位退潮 (Distribution),68.2,領跑主升 (Leading),62.8,screen,2026-07-30,150.13,140.04,-6.72,167.79,11.8,1.75,-5.83,-1.66,1.36,3.36,0.04,2.58,-7.67,6
SSL,,Energy,Oil & Gas Production,Energy: E&P Upstream,⚖️ 震盪蓄勢 (Consolidation),65.0,領跑主升 (Leading),55.5,claude_fibb,2026-07-30,11.71,10.87,-7.16,13.18,12.5,1.75,-5.41,0.69,1.17,3.58,-0.85,7.17,-6.83,16
HD,,Consumer Discretionary,RETAIL: Building Materials,ConsDisc: Homebuilding & Construction,⚖️ 震盪蓄勢 (Consolidation),35.0,底部復甦 (Improving),48.4,bull_bounce,2026-07-30,333.35,315.31,-5.41,364.92,9.5,1.75,-7.11,-0.97,1.69,2.71,-1.42,7.5,-1.64,8
BN,,Real Estate,Building operators,RealEstate: Management & Operations,⚠️ 高位退潮 (Distribution),68.2,領跑主升 (Leading),62.8,bull_bounce,2026-07-30,42.03,40.1,-4.6,45.41,8.0,1.75,-6.77,0.86,1.13,2.3,-1.43,8.54,-1.57,8
FSV,,Finance,Real Estate,Finance: Consumer & Financial Services,⚖️ 震盪蓄勢 (Consolidation),42.0,領跑主升 (Leading),72.6,screen,2026-07-30,144.57,133.3,-7.8,164.3,13.6,1.75,-5.04,0.22,2.21,3.9,-2.41,1.45,-4.69,14
CRVL,,Finance,Specialty Insurers,Finance: Insurance,🔥 主升爆發 (Breakout),96.0,領跑主升 (Leading),67.9,screen,2026-07-29,62.25,58.91,-5.36,68.09,9.4,1.75,-6.35,0.06,1.05,2.68,13.03,16.59,-5.7,16
CSTL,,Health Care,Medical Specialities,Health: Pharmaceuticals & Other,⚖️ 震盪蓄勢 (Consolidation),51.4,中性觀察 (Neutral),59.5,bull_bounce,2026-07-29,24.46,22.27,-8.96,28.29,15.7,1.75,-4.55,0.17,1.13,4.48,39.33,43.91,0.16,19
KKR,,Finance,Investment Managers,Finance: Asset Management,⚠️ 高位退潮 (Distribution),54.7,領跑主升 (Leading),67.9,screen,2026-07-29,99.09,92.66,-6.49,110.34,11.4,1.75,-4.88,-2.43,1.19,3.24,9.5,17.64,-3.46,11
CWK,,Finance,Real Estate,Finance: Consumer & Financial Services,⚖️ 震盪蓄勢 (Consolidation),36.5,領跑主升 (Leading),67.9,bull_bounce,2026-07-29,13.5,12.34,-8.57,15.52,15.0,1.75,-5.06,-0.95,1.07,4.29,7.41,16.0,-2.96,15
CIGI,,Finance,Real Estate,Finance: Consumer & Financial Services,⚖️ 震盪蓄勢 (Consolidation),36.5,領跑主升 (Leading),67.9,screen,2026-07-29,101.21,93.94,-7.18,113.93,12.6,1.75,-4.08,-0.35,1.38,3.59,3.27,9.87,-3.73,15
INCY,,Health Care,Biotechnology: Commercial Physical & Biological Resarch,Health: Pharmaceuticals & Other,⚖️ 震盪蓄勢 (Consolidation),51.4,中性觀察 (Neutral),59.5,claude_fibb,2026-07-29,127.1,118.98,-6.39,141.31,11.2,1.75,-4.15,-0.82,1.58,3.19,0.8,2.91,-8.91,19
ERIE,,Finance,Specialty Insurers,Finance: Insurance,🔥 主升爆發 (Breakout),93.6,領跑主升 (Leading),69.4,screen,2026-07-28,242.43,220.76,-8.94,280.35,15.6,1.75,-7.72,2.44,1.24,4.47,6.41,11.98,-5.13,19
MKC,,Consumer Staples,Packaged Foods,Staples: Packaged Food & Agri,🔥 主升爆發 (Breakout),72.2,領跑主升 (Leading),64.1,screen,2026-07-28,51.53,48.23,-6.4,57.3,11.2,1.75,-4.75,1.01,1.48,3.2,5.72,10.36,-3.43,17
AR,,Energy,Oil & Gas Production,Energy: E&P Upstream,⚖️ 震盪蓄勢 (Consolidation),48.6,領跑主升 (Leading),56.5,bull_bounce,2026-07-28,33.88,31.74,-6.32,37.63,11.1,1.75,-5.86,0.3,1.48,3.16,12.01,13.43,0.65,19
JBI,,Industrials,Building Products,Ind: Industrial & Commercial Services,🌱 輪動萌芽 (Ignition),62.4,領跑主升 (Leading),50.0,screen,2026-07-28,5.37,5.04,-6.13,5.95,10.7,1.75,-4.7,0.37,1.03,3.06,-5.96,6.15,-13.13,8
FSM,,Basic Materials,Precious Metals,Materials: Metals & Mining,⚖️ 震盪蓄勢 (Consolidation),46.2,中性觀察 (Neutral),52.8,bull_bounce,2026-07-27,8.56,7.86,-8.13,9.78,14.2,1.75,-4.46,0.47,1.22,4.06,42.41,44.39,-5.02,20
ITRI,,Industrials,Electrical Products,Ind: Industrial & Commercial Services,🌱 輪動萌芽 (Ignition),54.7,中性觀察 (Neutral),54.9,screen,2026-07-27,84.78,80.28,-5.3,92.65,9.3,1.75,-4.38,0.33,3.95,2.65,16.41,27.62,7.57,1
TRU,,Finance,Finance: Consumer Services,Finance: Consumer & Financial Services,⚖️ 震盪蓄勢 (Consolidation),33.2,領跑主升 (Leading),67.8,screen,2026-07-27,77.12,71.34,-7.49,87.23,13.1,1.75,-6.07,1.79,1.72,3.75,10.05,12.15,-0.29,1
RRC,,Energy,Oil & Gas Production,Energy: E&P Upstream,⚠️ 高位退潮 (Distribution),65.3,領跑主升 (Leading),69.3,bull_bounce,2026-07-27,37.88,35.81,-5.46,41.5,9.5,1.75,-5.51,-1.64,1.0,2.73,8.9,9.58,-0.26,20
SAM,,Consumer Staples,Beverages (Production/Distribution),Staples: Beverages,⚖️ 震盪蓄勢 (Consolidation),40.4,中性觀察 (Neutral),46.0,screen,2026-07-27,183.6,166.85,-9.13,212.92,16.0,1.75,-4.58,0.56,1.35,4.56,3.18,3.99,-4.8,18
SPGI,,Finance,Finance: Consumer Services,Finance: Consumer & Financial Services,⚖️ 震盪蓄勢 (Consolidation),33.2,領跑主升 (Leading),67.8,screen,2026-07-27,439.83,416.32,-5.35,480.97,9.4,1.75,-4.8,1.55,1.21,2.67,-1.0,-0.18,-8.27,20
ST,,Industrials,Industrial Machinery/Components,Ind: Machinery & Components,⚖️ 震盪蓄勢 (Consolidation),48.2,中性觀察 (Neutral),54.9,claude_fibb,2026-07-27,46.27,43.18,-6.68,51.68,11.7,1.75,-4.44,0.37,1.32,3.34,-9.31,10.22,-10.2,3
